name,url,marketplace,external_id,brand,category,subcategory,description,features,variants,sizes,colors,image_urls,weight_kg,length_cm,width_cm,height_cm,selling_price,mrp,currency,review_count,average_rating,competitor_count,seller_count,best_seller_rank,search_term,product_cost,shipping_cost,packaging_cost,marketplace_fee_override,payment_fee,advertising_cost,return_allowance,other_costs,cost_source,cost_source_url,fragile,return_risk,regulatory_complexity,brand_ip_risk,seasonal_demand,established_brand_dominance,bundle_potential_score,complaints,positives,opportunities,source_url,collected_at,confidence_score,source_name,dataset_status,is_sample_data
Collapsible Car Boot Organizer (3 Compartment),https://example.com/demo/car-boot-organizer,amazon_in,DEMOASIN001,DemoBrand,car-accessories,boot storage,Demo listing. Foldable boot organizer with three compartments.,Foldable|Non-slip base|Carry handles,,,black|grey,,1.1,60,35,30,899,1799,INR,2140,4.2,48,6,210,car boot organizer,320,70,25,,,90,45,,demo assumption,,no,low,none,no,no,no,,flimsy velcro:63|base collapses when loaded:41|smaller than expected:28,good value:180|keeps boot tidy:140,Use reinforced base board|Add clearer size diagram|Offer larger 4-compartment variant,https://example.com/demo/car-boot-organizer,2026-09-20T10:00:00+05:30,0.5,seed_demo_data,SAMPLE,true
Magnetic Car Phone Holder (Dashboard Mount),https://example.com/demo/magnetic-phone-holder,amazon_in,DEMOASIN002,DemoTech,car-accessories,phone mounts,Demo listing. Magnetic dashboard phone mount.,N52 magnets|360 rotation,,,black,,0.12,10,8,6,499,1299,INR,8600,3.9,190,22,,car phone holder magnetic,150,45,15,,,110,35,,demo assumption,,no,medium,none,no,no,yes,,magnet too weak:210|adhesive fails in heat:180|scratches dashboard:60,compact:90|easy to fit:75,Use heat-resistant adhesive pad,https://example.com/demo/magnetic-phone-holder,2026-09-20T10:00:00+05:30,0.5,seed_demo_data,SAMPLE,true
Bike Handlebar Phone Mount with Shock Pad,https://example.com/demo/bike-phone-mount,flipkart,DEMOFSN003,DemoRide,bike-accessories,mounts,Demo listing. Handlebar mount with silicone shock absorber.,Shock pad|Tool-free fit,,,black|red,,0.18,12,9,7,749,1499,INR,930,4.0,64,4,,bike phone holder,230,55,18,,,85,40,,demo assumption,,no,medium,none,no,no,no,,clamp cracks over time:44|vibration blurs camera:31,secure grip:70|fits thick bars:35,Switch clamp to glass-filled nylon|Bundle with rain cover,https://example.com/demo/bike-phone-mount,2026-09-20T10:00:00+05:30,0.5,seed_demo_data,SAMPLE,true
Packing Cubes Set of 6 (Travel Organizer),https://example.com/demo/packing-cubes,amazon_in,DEMOASIN004,DemoTravel,travel-accessories,packing organizers,Demo listing. Six-piece packing cube set with mesh tops.,Set of 6|Mesh panels|Double zip,,S|M|L,navy|grey|maroon,,0.55,40,30,12,1099,2499,INR,4300,4.3,88,9,,packing cubes,310,60,22,,,120,50,,demo assumption,,no,low,none,no,yes,no,,zipper pulls break:150|mesh tears:95|fabric thin:80,light:200|good sizing:130|value pack:110,Upgrade to metal zip pulls|Offer compression variant|Add laundry pouch to set,https://example.com/demo/packing-cubes,2026-09-20T10:00:00+05:30,0.5,seed_demo_data,SAMPLE,true
Hanging Toiletry Bag (Water Resistant),https://example.com/demo/toiletry-bag,meesho,DEMOMSH005,DemoTravel,travel-accessories,toiletry bags,Demo listing. Hanging toiletry organizer.,Hook hanger|Wipe-clean lining,,,black|olive,,0.35,28,20,10,649,1299,INR,760,3.8,120,15,,hanging toiletry bag,210,55,18,,,70,35,,demo assumption,,no,medium,none,no,no,no,,hook snaps:58|not actually waterproof:49|smell on arrival:22,roomy:60|folds flat:40,Use metal swivel hook|State water-resistant not waterproof,https://example.com/demo/toiletry-bag,2026-09-20T10:00:00+05:30,0.5,seed_demo_data,SAMPLE,true
Under-Sink Pull Out Storage Rack (2 Tier),https://example.com/demo/under-sink-rack,amazon_in,DEMOASIN006,DemoHome,kitchen-organization,sink storage,Demo listing. Two-tier sliding rack for under-sink cabinets.,2 tier|Sliding drawers|Rust coated,,,,,2.4,45,32,35,1499,2999,INR,1580,4.1,52,5,,under sink organizer,560,130,35,,,140,75,,demo assumption,,no,medium,none,no,no,no,,rusts within months:90|assembly instructions unclear:70|does not fit around pipes:55,sturdy:85|doubles usable space:60,Use powder-coated steel|Ship a pictorial assembly guide|Offer adjustable pipe cutout,https://example.com/demo/under-sink-rack,2026-09-20T10:00:00+05:30,0.5,seed_demo_data,SAMPLE,true
Stackable Fridge Storage Bins (Set of 4),https://example.com/demo/fridge-bins,flipkart,DEMOFSN007,DemoHome,kitchen-organization,fridge storage,Demo listing. Clear stackable fridge bins.,Stackable|BPA-free|Set of 4,,,clear,,0.9,32,16,10,799,1599,INR,640,4.0,75,8,,fridge organizer bins,260,80,25,,,80,40,,demo assumption,,yes,medium,low,no,no,no,,cracks in cold:62|arrives broken:48,clear view:55|easy clean:40,Switch to PET with cold rating|Improve corner packaging,https://example.com/demo/fridge-bins,2026-09-20T10:00:00+05:30,0.5,seed_demo_data,SAMPLE,true
Over-Door Hanging Closet Organizer (8 Pocket),https://example.com/demo/closet-organizer,amazon_in,DEMOASIN008,DemoHome,home-organization,closet storage,Demo listing. Eight-pocket over-door organizer.,8 pockets|Over-door hooks,,,grey|beige,,0.7,30,25,8,699,1499,INR,1120,4.2,95,11,,hanging closet organizer,240,60,20,,,75,35,,demo assumption,,no,low,none,no,no,no,,stitching comes loose:70|hooks bend:45|sags when full:38,saves space:95|good fabric:50,Double-stitch pocket seams|Supply steel hooks,https://example.com/demo/closet-organizer,2026-09-20T10:00:00+05:30,0.5,seed_demo_data,SAMPLE,true
Vacuum Storage Bags (Set of 8 with Pump),https://example.com/demo/vacuum-bags,amazon_in,DEMOASIN009,DemoStore,storage-products,vacuum bags,Demo listing. Vacuum compression bags with hand pump.,Set of 8|Hand pump included,,M|L|XL,,,1.2,35,25,10,999,2499,INR,3200,3.7,140,18,,vacuum storage bags,330,75,25,,,130,70,,demo assumption,,no,high,none,no,no,no,,loses seal in days:280|valve leaks:190|pump breaks:120|bags tear:85,huge space saving:140,Use double-zip seal|Include spare valves|Ship an electric pump variant,https://example.com/demo/vacuum-bags,2026-09-20T10:00:00+05:30,0.5,seed_demo_data,SAMPLE,true
Desk Cable Management Tray (Under-Desk Clamp),https://example.com/demo/cable-tray,amazon_in,DEMOASIN010,DemoDesk,desk-office-organization,cable management,"Demo listing. Under-desk cable tray, clamp fit, no drilling.",No drilling|Steel mesh,,,black|white,,1.6,42,12,10,1299,2299,INR,410,4.5,22,3,,under desk cable tray,430,95,28,,,95,50,,demo assumption,,no,low,none,no,no,no,,clamp marks the desk:26|too short for wide desks:19,solid build:60|genuinely no drilling:45|tidy result:38,Include felt clamp pads|Offer 60cm long variant|Bundle with velcro ties,https://example.com/demo/cable-tray,2026-09-20T10:00:00+05:30,0.5,seed_demo_data,SAMPLE,true
Monitor Stand Riser with Drawer,https://example.com/demo/monitor-riser,flipkart,DEMOFSN011,DemoDesk,desk-office-organization,monitor stands,Demo listing. Wooden monitor riser with storage drawer.,Drawer|Anti-slip pads,,,,,3.2,52,24,12,1899,3499,INR,280,4.1,40,6,,monitor stand riser,780,180,45,,,120,95,,demo assumption,,yes,high,none,no,no,no,,arrives chipped:40|drawer sticks:25|wobbles:18,looks premium:35,Add corner protectors to packaging|Use soft-close drawer rails,https://example.com/demo/monitor-riser,2026-09-20T10:00:00+05:30,0.5,seed_demo_data,SAMPLE,true
Laptop Stand Adjustable Aluminium,https://example.com/demo/laptop-stand,amazon_in,DEMOASIN012,DemoTech,laptop-accessories,stands,Demo listing. Adjustable aluminium laptop stand.,Aluminium|6 height levels|Foldable,,,silver|space grey,,0.85,26,22,4,1599,2999,INR,5200,4.4,165,20,,laptop stand,620,85,30,,,160,60,,demo assumption,,no,low,none,yes,no,yes,,hinge loosens:120|scratches laptop base:75,sturdy:210|good cooling:120|premium finish:90,Add silicone contact pads,https://example.com/demo/laptop-stand,2026-09-20T10:00:00+05:30,0.5,seed_demo_data,SAMPLE,true
Laptop Sleeve 14 inch Water Resistant,https://example.com/demo/laptop-sleeve,meesho,DEMOMSH013,DemoCarry,laptop-accessories,sleeves,Demo listing. Padded 14-inch laptop sleeve.,Padded|Water resistant,,13|14|15.6,black|grey|blue,,0.3,36,26,3,449,999,INR,1850,3.9,210,35,,laptop sleeve 14 inch,180,50,15,,,65,30,,demo assumption,,no,medium,none,no,no,yes,,thin padding:140|zip jams:90|sizing runs small:70,cheap:120|looks fine:60,Thicker foam layer|Publish exact internal dimensions,https://example.com/demo/laptop-sleeve,2026-09-20T10:00:00+05:30,0.5,seed_demo_data,SAMPLE,true
Resistance Bands Set (5 Levels with Door Anchor),https://example.com/demo/resistance-bands,amazon_in,DEMOASIN014,DemoFit,fitness-accessories,resistance training,Demo listing. Five-level resistance band set.,5 levels|Door anchor|Carry bag,,,multi,,0.65,25,18,9,899,1999,INR,6100,4.1,230,28,,resistance bands set,270,60,20,,,150,55,,demo assumption,,no,medium,none,no,yes,yes,,band snapped during use:260|latex smell:130|handles tear:95,good range:180|compact:110,Move to layered latex with safety sleeve|Add printed workout guide,https://example.com/demo/resistance-bands,2026-09-20T10:00:00+05:30,0.5,seed_demo_data,SAMPLE,true
Yoga Mat 6mm Anti-Slip with Strap,https://example.com/demo/yoga-mat,flipkart,DEMOFSN015,DemoFit,fitness-accessories,mats,Demo listing. 6mm TPE yoga mat with carry strap.,6mm|Anti-slip|Carry strap,,,purple|teal|black,,1.4,61,15,15,1199,2299,INR,2900,4.0,180,24,,yoga mat 6mm,430,110,30,,,130,65,,demo assumption,,no,medium,none,no,yes,yes,,slips on tile:150|flakes after weeks:110|strong odour:90,good cushioning:140,Use textured TPE surface|Pre-air mats before packing,https://example.com/demo/yoga-mat,2026-09-20T10:00:00+05:30,0.5,seed_demo_data,SAMPLE,true
"Pet Grooming Glove (Deshedding, Pair)",https://example.com/demo/pet-grooming-glove,amazon_in,DEMOASIN016,DemoPet,pet-accessories,grooming,"Demo listing. Deshedding grooming gloves, pair.",Pair|Silicone tips|Washable,,,blue,,0.22,24,18,4,549,1199,INR,1420,4.0,70,9,,pet grooming glove,165,50,16,,,70,30,,demo assumption,,no,low,none,no,no,no,,tips fall off:75|too large for small hands:50|hair sticks to glove:44,pets tolerate it:95|easy cleanup:55,Offer S/M/L sizing|Moulded one-piece tips|Bundle with hair roller,https://example.com/demo/pet-grooming-glove,2026-09-20T10:00:00+05:30,0.5,seed_demo_data,SAMPLE,true
Microfibre Cleaning Cloth Pack of 12,https://example.com/demo/microfibre-cloths,meesho,DEMOMSH017,DemoClean,cleaning-products,cloths,Demo listing. Twelve-pack microfibre cloths.,Pack of 12|Lint free,,,assorted,,0.4,25,20,8,399,899,INR,2600,4.2,260,40,,microfibre cloth pack,140,45,14,,,55,20,,demo assumption,,no,low,none,no,no,yes,,thin after washing:130|leaves lint:95|colour bleeds:60,cheap:170|absorbent:100,Higher GSM cloth|Colour-fast dye,https://example.com/demo/microfibre-cloths,2026-09-20T10:00:00+05:30,0.5,seed_demo_data,SAMPLE,true
Spray Mop with Refillable Bottle,https://example.com/demo/spray-mop,amazon_in,DEMOASIN018,DemoClean,cleaning-products,mops,Demo listing. Spray mop with refillable reservoir.,Refillable|Washable pad|360 swivel,,,,,1.3,120,14,10,1399,2699,INR,870,3.8,85,12,,spray mop,520,150,35,,,110,80,,demo assumption,,no,high,none,no,no,no,,trigger stops spraying:140|handle joint snaps:85|leaks at bottle:60,convenient:70,Upgrade pump mechanism|Metal reinforced handle joint|Sell replacement pads,https://example.com/demo/spray-mop,2026-09-20T10:00:00+05:30,0.5,seed_demo_data,SAMPLE,true
Garden Hose Nozzle 8 Pattern Metal,https://example.com/demo/hose-nozzle,amazon_in,DEMOASIN019,DemoGarden,gardening-accessories,watering,Demo listing. Eight-pattern metal hose nozzle.,8 patterns|Zinc alloy body,,,,,0.38,18,9,6,749,1499,INR,520,4.3,45,7,,garden hose nozzle,250,60,18,,,70,35,,demo assumption,,no,low,none,no,yes,no,,leaks at connector:48|stiff trigger:30,solid metal:70|good spray range:45,Include spare washers|Bundle with quick-connect set,https://example.com/demo/hose-nozzle,2026-09-20T10:00:00+05:30,0.5,seed_demo_data,SAMPLE,true
Baby Wardrobe Drawer Dividers (Set of 6),https://example.com/demo/baby-drawer-dividers,flipkart,DEMOFSN020,DemoBaby,baby-organization,drawer organizers,Demo listing. Six fabric drawer dividers for baby clothes.,Set of 6|Foldable|Washable,,,grey|pink,,0.6,30,22,10,849,1699,INR,340,4.4,38,5,,baby drawer organizer,280,65,20,,,75,35,,demo assumption,,no,low,low,no,no,no,,collapses without support board:30|sizes do not fit standard drawers:22,soft fabric:45|neat finish:30,Include rigid insert boards|Publish drawer fit guide|Offer nursery bundle,https://example.com/demo/baby-drawer-dividers,2026-09-20T10:00:00+05:30,0.5,seed_demo_data,SAMPLE,true
Corrugated Shipping Boxes 8x6x4 (Pack of 50),https://example.com/demo/shipping-boxes,amazon_in,DEMOASIN021,DemoPack,sb-packaging,boxes,Demo listing. Fifty-pack of 3-ply corrugated boxes.,3 ply|Pack of 50,,8x6x4,,,4.5,45,32,28,1249,1999,INR,980,4.2,110,16,,corrugated boxes pack,640,220,20,,,90,40,,demo assumption,,no,low,none,no,no,no,,boxes arrive crushed:85|thinner ply than stated:60,good price per box:90|right size:55,Strap and edge-protect the bundle|Print actual GSM on listing,https://example.com/demo/shipping-boxes,2026-09-20T10:00:00+05:30,0.5,seed_demo_data,SAMPLE,true
Bubble Wrap Roll 1m x 50m,https://example.com/demo/bubble-wrap,flipkart,DEMOFSN022,DemoPack,sb-packaging,protective wrap,Demo listing. Large bubble wrap roll.,1m wide|50m long,,,,,6.8,100,35,35,1899,2999,INR,410,4.0,60,9,,bubble wrap roll,980,380,25,,,80,60,,demo assumption,,no,medium,none,no,no,no,,bubbles already burst:70|roll shorter than stated:45,good coverage:50,Ship in protective outer sleeve|Independently verify roll length,https://example.com/demo/bubble-wrap,2026-09-20T10:00:00+05:30,0.5,seed_demo_data,SAMPLE,true
Mobile Ring Holder Stand (Metal),https://example.com/demo/ring-holder,meesho,DEMOMSH023,DemoTech,mobile-accessories,holders,Demo listing with no cost data recorded yet.,,,,,,0.04,6,4,1,199,499,INR,3100,3.6,320,55,,mobile ring holder,,,,,,,,,demo assumption,,no,low,none,no,no,yes,,adhesive fails:200|ring stiff:80,cheap:90,Use 3M-grade adhesive,https://example.com/demo/ring-holder,2026-09-20T10:00:00+05:30,0.5,seed_demo_data,SAMPLE,true
Bike Chain Lock Heavy Duty,https://example.com/demo/bike-chain-lock,amazon_in,DEMOASIN024,DemoRide,bike-accessories,locks,Demo listing with no review data recorded yet.,,,,,,1.9,90,10,6,1099,1899,INR,,,55,8,,bike chain lock,430,120,25,,,85,45,,demo assumption,,no,low,none,no,no,no,,,,,https://example.com/demo/bike-chain-lock,2026-09-20T10:00:00+05:30,0.5,seed_demo_data,SAMPLE,true